1000MERCIS,1000mercis
ABC ARBITRAGE,abcarbitrage
ABN AMRO,abnamro
ABN AMRO BANK N.V,abnamrobanknv
ACANTHE DEVELOPPEMENT,acanthedeveloppement
ACCES INDUSTRIE,accesindustrie
ACCESS2NET,access2net
ACCOR,accor
ACTEOS,acteos
ACTIA GROUP,actiagroup
ADECCO,adecco
ADENCLASSIFIEDS,adenclassifieds
ADLPARTNER,adlpartner
ADOMOS,adomos
ADT S.I.I.C,adtsiic
ADVERLINE,adverline
AEDIAN,aedian
AEROPORTS DE PARIS,aeroportsdeparis
AES CHEMUNEX SA,aeschemunexsa
AFFINE,affine
AFFIPARIS,affiparis
AFONE,afone
AGENCE FRANCAISE DE DEVELOPPEMENT,agencefrancaisededeveloppement
AGF,agf
AGTA RECORD,agtarecord
AIR FRANCE-KLM,airfranceklm
AIR LIQUIDE,airliquide
AKKA TECHNOLOGIES,akkatechnologies
ALAIN AFFLELOU,alainafflelou
ALCAN,alcan
ALCATEL-LUCENT,alcatellucent
ALDETA,aldeta
ALES GROUPE,alesgroupe
ALLIANCE DEVELOPPEMENT CAPITAL S.I.I.C,alliancedeveloppementcapitalsiic
ALPHA MOS,alphamos
ALSTOM,alstom
ALTADIS,altadis
ALTAMIR AMBOISE,altamiramboise
ALTAREA COGEDIM,altareacogedim
ALTAREIT,altareit
ALTEN,alten
ALTI,alti
ALTRAN TECHNOLOGIES,altrantechnologies
ALTRIA GROUP,altriagroup
AMBOISE INVESTISSEMENT,amboiseinvestissement
AMERICOM GOVERNMENT SERVICES,americomgovernmentservices
ANF IMMOBILIER,anfimmobilier
ANHEUSER-BUSCH-INBEV SA/NV,anheuserbuschinbevsanv
ANOVO,anovo
ANTEVENIO,antevenio
APEM,apem
APRIL GROUP,aprilgroup
APS - AUTOLUBRIFICATION PRODUITS DE SYNTHESE,apsautolubrificationproduitsdesynthese
AQUILA,aquila
ARBEL,arbel
ARCELORMITTAL,arcelormittal
ARCHOS,archos
ARES,ares
AREVA,areva
ARGAN,argan
ARKEMA,arkema
ARKOPHARMA,arkopharma
ARTPRICE.COM,artpricecom
ASSISTANCE PUBLIQUE HOPITAUX DE PARIS,assistancepubliquehopitauxdeparis
ASSYA CAPITAL,assyacapital
ASSYSTEM,assystem
AST GROUPE,astgroupe
ATARI,atari
ATMEL,atmel
ATOS ORIGIN,atosorigin
AUBAY,aubay
AUDIKA,audika
AUFEMININ.COM,aufeminincom
AUREA,aurea
AURES TECHNOLOGIES,aurestechnologies
AUSTRALIA AND NEW ZEALAND BANKING GROUP LIMITED,australiaandnewzealandbankinggrouplimited
AUSY,ausy
AUTO ESCAPE,autoescape
AUTOMA TECH,automatech
AUTOROUTES PARIS RHIN RHONE,autoroutesparisrhinrhone
AVANQUEST SOFTWARE SA,avanquestsoftwaresa
AVENIR FINANCE,avenirfinance
AVENIR TELECOM,avenirtelecom
AXA,axa
AXWAY SOFTWARE,axwaysoftware
BAC MAJESTIC,bacmajestic
BACCARAT,baccarat
BANQUE DE BRETAGNE,banquedebretagne
BANQUE DE LA REUNION,banquedelareunion
BANQUE FEDERATIVE DU CREDIT MUTUEL,banquefederativeducreditmutuel
BANQUE FERATIVE DU CREDIT MUTUEL,banqueferativeducreditmutuel
BANQUE PALATINE,banquepalatine
BANQUE POPULAIRE ATLANTIQUE,banquepopulaireatlantique
BANQUE POPULAIRE BOURGOGNE FRANCHE-COMTE,banquepopulairebourgognefranchecomte
BANQUE POPULAIRE CENTRE ATLANTIQUE,banquepopulairecentreatlantique
BANQUE POPULAIRE COTE D'AZUR,banquepopulairecotedazur
BANQUE POPULAIRE D'ALSACE,banquepopulairedalsace
BANQUE POPULAIRE DE L'OUEST,banquepopulairedelouest
BANQUE POPULAIRE DES ALPES,banquepopulairedesalpes
BANQUE POPULAIRE DU MASSIF CENTRAL,banquepopulairedumassifcentral
BANQUE POPULAIRE DU NORD,banquepopulairedunord
BANQUE POPULAIRE DU SUD,banquepopulairedusud
BANQUE POPULAIRE DU SUD-OUEST,banquepopulairedusudouest
BANQUE POPULAIRE LOIRE ET LYONNAIS,banquepopulaireloireetlyonnais
BANQUE POPULAIRE LORRAINE CHAMPAGNE,banquepopulairelorrainechampagne
BANQUE POPULAIRE OCCITANE,banquepopulaireoccitane
BANQUE POPULAIRE PROVENCALE ET CORSE,banquepopulaireprovencaleetcorse
BANQUE POPULAIRE RIVES DE PARIS,banquepopulairerivesdeparis
BANQUE POPULAIRE VAL DE FRANCE,banquepopulairevaldefrance
BANQUE PSA FINANCE,banquepsafinance
BANQUE TARNEAUD,banquetarneaud
BARBARA BUI,barbarabui
BARCLAYS,barclays
BARCLAYS B MARKETS,barclaysbmarkets
BARCLAYS BANK PLC,barclaysbankplc
BASTIDE LE CONFORT MEDICAL,bastideleconfortmedical
BAYERISCHE HYPO- UND VEREINSBANK AG,bayerischehypoundvereinsbankag
BCI NAVIGATION,bcinavigation
BELVEDERE,belvedere
BERNARD LOISEAU,bernardloiseau
BGL,bgl
BIGBEN INTERACTIVE,bigbeninteractive
BIOALLIANCE PHARMA,bioalliancepharma
BIOMERIEUX,biomerieux
BLEECKER,bleecker
BMARKETS,bmarkets
BNG BANK,bngbank
BNL GRUPPO BNP PARIBAS,bnlgruppobnpparibas
BNP PARIBAS,bnpparibas
BNP PARIBAS ARBITRAGE ISSUANCE B.V,bnpparibasarbitrageissuancebv
BNP PARIBAS ARBITRAGE ISSUANCE B.V.,bnpparibasarbitrageissuancebv
BNP PARIBAS FORTIS,bnpparibasfortis
BNP PARIBAS FORTIS FUNDING,bnpparibasfortisfunding
BNP PARIBAS HOME LOAN COVERED BONDS,bnpparibashomeloancoveredbonds
BNP PARIBAS HOME LOAN SFH,bnpparibashomeloansfh
BNP PARIBAS PERSONAL FINANCE,bnpparibaspersonalfinance
BNP PARIBAS PUBLIC SECTOR SCF,bnpparibaspublicsectorscf
BOIRON,boiron
BOLLORE,bollore
BONDUELLE,bonduelle
BONGRAIN,bongrain
BOURBON,bourbon
BOURGEOIS-OPTIC,bourgeoisoptic
BOURSE DIRECT,boursedirect
BOURSORAMA,boursorama
BOUYGUES,bouygues
BPCE,bpce
BPCE SFH,bpcesfh
BRED BANQUE POPULAIRE,bredbanquepopulaire
BRICODEAL,bricodeal
BRICORAMA,bricorama
BROSSARD SA,brossardsa
BUDGET TELECOM,budgettelecom
BUFFALO GRILL,buffalogrill
BULL,bull
BUREAU VERITAS,bureauveritas
BUSINESS & DECISION,businessdecision
BUSINESS INTERACTIF,businessinteractif
BUSINESS OBJECTS,businessobjects
CADES,cades
CAFOM,cafom
CAISSE CENTRALE DU CREDIT IMMOBILIER DE FRANCE - 3CIF,caissecentraleducreditimmobilierdefrance3cif
CAISSE D'EPARGNE AQUITAINE-POITOU-CHARENTES,caissedepargneaquitainepoitoucharentes
CAISSE D'EPARGNE BRETAGNE-PAYS DE LOIRE,caissedepargnebretagnepaysdeloire
CAISSE D'EPARGNE COTE D'AZUR,caissedepargnecotedazur
CAISSE D'EPARGNE D'ALSACE,caissedepargnedalsace
CAISSE D'EPARGNE D'AUVERGNE ET DU LIMOUSIN,caissedepargnedauvergneetdulimousin
CAISSE D'EPARGNE DE BOURGOGNE FRANCHE COMTE,caissedepargnedebourgognefranchecomte
CAISSE D'EPARGNE DE MIDI PYRENEES,caissedepargnedemidipyrenees
CAISSE D'EPARGNE ET DE PREVOYANCE DU LANGUEDOC ROUSSILLON,caissedepargneetdeprevoyancedulanguedocroussillon
CAISSE D'EPARGNE ET DE PREVOYANCE ILE DE FRANCE,caissedepargneetdeprevoyanceiledefrance
CAISSE D'EPARGNE ET DE PREVOYANCE LOIRE DROME ARDECHE,caissedepargneetdeprevoyanceloiredromeardeche
CAISSE D'EPARGNE ET DE PREVOYANCE PROVENCE-ALPES-CORSE S.A.,caissedepargneetdeprevoyanceprovencealpescorsesa
CAISSE D'EPARGNE ET DE PREVOYANCE RHONE ALPES,caissedepargneetdeprevoyancerhonealpes
CAISSE D'EPARGNE LOIRE-CENTRE,caissedepargneloirecentre
CAISSE D'EPARGNE NORD FRANCE EUROPE,caissedepargnenordfranceeurope
CAISSE D'EPARGNE NORMANDIE,caissedepargnenormandie
CAISSE D'EPARGNE RHONE ALPES,caissedepargnerhonealpes
CAISSE D'EPARNE DE PICARDIE,caissedeparnedepicardie
CAISSE DE REFINANCEMENT DE L'HABITAT,caissederefinancementdelhabitat
CAISSE DES DEPOTS ET CONSIGNATIONS,caissedesdepotsetconsignations
CAISSE FEDERALE DU CREDIT MUTUEL CENTRE EST EUROPE,caissefederaleducreditmutuelcentreesteurope
CAISSE FEDERALE DU CREDIT MUTUEL D'ANJOU,caissefederaleducreditmutueldanjou
CAISSE FEDERALE DU CREDIT MUTUEL OCEAN,caissefederaleducreditmutuelocean
CAISSE FRANCAISE DE FINANCEMENT LOCAL,caissefrancaisedefinancementlocal
CAISSE LOCALE,caisselocale
CAISSE NATIONALE DES CAISSES D'EPARGNE ET DE PREVOYANCE,caissenationaledescaissesdepargneetdeprevoyance
CAISSE REGIONALE DE CREDIT AGRICOLE CHARENTE-PERIGORD,caisseregionaledecreditagricolecharenteperigord
CAISSE REGIONALE DE CREDIT AGRICOLE DE BRIE PICARDIE,caisseregionaledecreditagricoledebriepicardie
CAISSE REGIONALE DE CREDIT AGRICOLE DE NORMANDIE,caisseregionaledecreditagricoledenormandie
CAISSE REGIONALE DE CREDIT AGRICOLE DU FINISTERE,caisseregionaledecreditagricoledufinistere
CAISSE REGIONALE DE CREDIT AGRICOLE MUTUEL ALSACE VOSGES,caisseregionaledecreditagricolemutuelalsacevosges
CAISSE REGIONALE DE CREDIT AGRICOLE MUTUEL DE GUADELOUPE,caisseregionaledecreditagricolemutueldeguadeloupe
CAISSE REGIONALE DE CREDIT AGRICOLE MUTUEL DE L'OISE,caisseregionaledecreditagricolemutueldeloise
CAISSE REGIONALE DE CREDIT AGRICOLE MUTUEL NORD-EST,caisseregionaledecreditagricolemutuelnordest
CAISSE REGIONALE DE CREDIT AGRICOLE MUTUEL VAL DE FRANCE,caisseregionaledecreditagricolemutuelvaldefrance
CAISSE REGIONALE DE CREDIT AGRICOLE PROVENCE COTE D'AZUR,caisseregionaledecreditagricoleprovencecotedazur
CAISSE REGIONALE DE CREDIT AGRICOLE SUD MEDITERRANEE,caisseregionaledecreditagricolesudmediterranee
CAISSE REGIONALE DE CREDIT MARITIME MUTUEL ATLANTIQUE,caisseregionaledecreditmaritimemutuelatlantique
CAISSE REGIONALE DU LANGUEDOC,caisseregionaledulanguedoc
CALYON,calyon
CALYON FINANCIAL PRODUCTS (GUERNSEY) LIMITED,calyonfinancialproductsguernseylimited
CAMAIEU,camaieu
CAMELEON SOFTWARE,cameleonsoftware
CAP GEMINI,capgemini
CAPELLI,capelli
CARMAT,carmat
CARPINIENNE DE PARTICIPATIONS,carpiniennedeparticipations
CARREFOUR,carrefour
CARREFOUR PROPERTY DEVELOPMENT,carrefourpropertydevelopment
CARRERE GROUP SA,carreregroupsa
CASDEN,casden
CASINO GUICHARD PERRACHON,casinoguichardperrachon
CAST,cast
CBO TERRITORIA,cboterritoria
CEDIP,cedip
CEGEDIM,cegedim
CEGEREAL,cegereal
CEGID GROUP,cegidgroup
CELEOS,celeos
CELLECTIS,cellectis
CEPHEID,cepheid
CEREP,cerep
CESAR,cesar
CFAO,cfao
CFCAL,cfcal
CFF RECYCLING,cffrecycling
CFM,cfm
CHARGEURS,chargeurs
CHRISTIAN DIOR S.A.,christiandiorsa
CIBOX INTERACTIVE,ciboxinteractive
CIC,cic
CIC CAT.A,ciccata
CIC LYONNAISE DE BANQUE,ciclyonnaisedebanque
CIDER SANTE SA,cidersantesa
CIE AGRICOLE DE LA CRAU,cieagricoledelacrau
CIF EUROMORTAGE,cifeuromortage
CIMENTS FRANCAIS,cimentsfrancais
CIS,cis
CISCO,cisco
CITEL,citel
CITIGROUP FUNDING INC.,citigroupfundinginc
CITIGROUP GLOBAL MARKETS DEUTSCHLAND AG,citigroupglobalmarketsdeutschlandag
CITIGROUP GLOBAL MARKETS DEUTSCHLAND AG & CO. KGAA,citigroupglobalmarketsdeutschlandagcokgaa
CLARINS,clarins
CLASQUIN,clasquin
CLAYEUX,clayeux
CLIENT CENTER ALLIANCE,clientcenteralliance
CLUB MEDITERRANEE,clubmediterranee
CM-CIC COVERED BONDS,cmciccoveredbonds
CM5-CIC GROUP,cm5cicgroup
CMT MEDICAL TECHNOLOGIES LTD,cmtmedicaltechnologiesltd
CNIM,cnim
CNP ASSURANCES,cnpassurances
CODEIS SECURITIES SA,codeissecuritiessa
COFIDUR,cofidur
COFIGEO,cofigeo
COFINIMMO,cofinimmo
COFITEM - COFIMUR,cofitemcofimur
COHERIS,coheris
COIL,coil
COME & STAY,comestay
COMMERZBANK AKTIENGESELLSCHAFT,commerzbankaktiengesellschaft
COMPAGNIE DE FINANCEMENT FONCIER,compagniedefinancementfoncier
COMPAGNIE DES ALPES,compagniedesalpes
COMPAGNIE GENERALE DE GEOPHYSIQUE-VERITAS,compagniegeneraledegeophysiqueveritas
COMPAGNIE INDUSTRIELLE ET FINANCIERE D'ENTREPRISES - CIFE,compagnieindustrielleetfinancieredentreprisescife
COMPAGNIE LA LUCETTE,compagnielalucette
COMPAGNIE LEBON,compagnielebon
COMPAGNIE MAROCAINE,compagniemarocaine
COMPLETEL,completel
COOPERATIVE CENTRALE RAIFFEISEN-BOERENLEENBANK B.A.,cooperativecentraleraiffeisenboerenleenbankba
CORIO N.V.,corionv
COURTOIS SA,courtoissa
CRCAM ALPES PROVENCE CCI,crcamalpesprovencecci
CRCAM AQUITAINE CCI,crcamaquitainecci
CRCAM ATLANTIQUE VENDEE,crcamatlantiquevendee
CRCAM CENTRE LOIRE,crcamcentreloire
CRCAM DU MIDI CCI,crcamdumidicci
CRCAM PARIS ET IDF,crcamparisetidf
CREDIT AGRICOLE,creditagricole
CREDIT AGRICOLE AQUITAINE,creditagricoleaquitaine
CREDIT AGRICOLE BRIE PICARDIE,creditagricolebriepicardie
CREDIT AGRICOLE CENTRE EST,creditagricolecentreest
CREDIT AGRICOLE CENTRE LOIRE,creditagricolecentreloire
CREDIT AGRICOLE CIB FINANCIAL SOLUTIONS,creditagricolecibfinancialsolutions
CREDIT AGRICOLE CORPORATE AND INVESTMENT  BANK,creditagricolecorporateandinvestmentbank
CREDIT AGRICOLE COVERED BONDS,creditagricolecoveredbonds
CREDIT AGRICOLE D'ILE ET VILAINE,creditagricoledileetvilaine
CREDIT AGRICOLE DE L'ANJOU ET DU MAINE,creditagricoledelanjouetdumaine
CREDIT AGRICOLE DE LA TOURAINE POITOU,creditagricoledelatourainepoitou
CREDIT AGRICOLE DE LORRAINE,creditagricoledelorraine
CREDIT AGRICOLE DE NORMANDIE SEINE,creditagricoledenormandieseine
CREDIT AGRICOLE DES SAVOIE,creditagricoledessavoie
CREDIT AGRICOLE DU MORBIHAN,creditagricoledumorbihan
CREDIT AGRICOLE EXPORT CREDIT AGENCIES SCF,creditagricoleexportcreditagenciesscf
CREDIT AGRICOLE FRANCHE COMTE,creditagricolefranchecomte
CREDIT AGRICOLE HOME LOAN SFH,creditagricolehomeloansfh
CREDIT AGRICOLE LOIRE HAUTE LOIRE,creditagricoleloirehauteloire
CREDIT AGRICOLE MUTUEL CHARENTE-MARITIME DEUX SEVRES,creditagricolemutuelcharentemaritimedeuxsevres
CREDIT AGRICOLE NORD EST,creditagricolenordest
CREDIT AGRICOLE PUBLIC SECTOR SCF,creditagricolepublicsectorscf
CREDIT AGRICOLE SUD RHONE ALPES,creditagricolesudrhonealpes
CREDIT COOPERATIF,creditcooperatif
CREDIT DU NORD,creditdunord
CREDIT FONCIER DE FRANCE,creditfoncierdefrance
CREDIT INDUSTRIEL ET COMMERCIAL,creditindustrieletcommercial
CREDIT MUTUEL,creditmutuel
CREDIT MUTUEL ANTILLES GUYANE,creditmutuelantillesguyane
CREDIT MUTUEL ANTILLES GUYANE,creditmutuelantillesguyane
CREDIT MUTUEL ARKEA,creditmutuelarkea
CREDIT MUTUEL DE MAINE-ANJOU ET BASSE-NORMANDIE,creditmutueldemaineanjouetbassenormandie
CREDIT MUTUEL DU CENTRE,creditmutuelducentre
CREDIT MUTUEL NORD EUROPE,creditmutuelnordeurope
CREDIT MUTUEL-CIC HOME LOAN SFH,creditmutuelcichomeloansfh
CREDIT SUISSE,creditsuisse
CREDIT SUISSE AG,creditsuisseag
CREDIT SUISSE INTERNATIONAL,creditsuisseinternational
CRM COMPANY GROUP,crmcompanygroup
CROSSWOOD,crosswood
CS COMMUNICATION & SYSTEMES,cscommunicationsystemes
CUSTOM SOLUTIONS,customsolutions
CYBER PRESS PUBLISHING,cyberpresspublishing
CYBERDECK,cyberdeck
CYBERGUN,cybergun
CYBERNETIX,cybernetix
DAB BANK,dabbank
DAJA56,daja56
DALET SA,daletsa
DAMARTEX,damartex
DANE-ELEC MEMORY,daneelecmemory
DANONE,danone
DASSAULT AVIATION,dassaultaviation
DASSAULT SYSTEMES,dassaultsystemes
DELACHAUX,delachaux
DELFINGEN INDUSTRY,delfingenindustry
DELTA PLUS GROUP,deltaplusgroup
DEPARTEMENT DE L'ESSONNE,departementdelessonne
DERICHEBOURG,derichebourg
DEUTSCHE BANK AKTIENGESELLSCHAFT,deutschebankaktiengesellschaft
DEVERNOIS S.A.,devernoissa
DEVOTEAM,devoteam
DEXIA,dexia
DEXIA CREDIT LOCAL,dexiacreditlocal
DEXIA MUNICIPAL AGENCY,dexiamunicipalagency
DEXIA MUNICIPAL AGENCY,dexiamunicipalagency
DIAGNOSTIC MEDICAL SYSTEMS,diagnosticmedicalsystems
DIDOT BOTTIN,didotbottin
DIGIGRAM,digigram
DL SOFTWARE,dlsoftware
DLSI,dlsi
DOCTISSIMO,doctissimo
DOLLFUS MIEG & CIE - DMC,dollfusmiegciedmc
DOLPHIN INTEGRATION,dolphinintegration
DOMUSVI,domusvi
DREAM MANAGEMENT 2,dreammanagement2
DRESDNER BANK AKTIENGESELLSCHAFT,dresdnerbankaktiengesellschaft
DU PAREIL AU MEME,dupareilaumeme
DUC,duc
DURAN,duran
DYNACTION,dynaction
EADS,eads
EBIZCUSS.COM,ebizcusscom
ECA,eca
ECT INDUSTRIES,ectindustries
EDENRED,edenred
EDF,edf
EDF ENERGIES NOUVELLES,edfenergiesnouvelles
EFTS COMMDITY SECURITIES LIMITED,eftscommditysecuritieslimited
EGIDE,egide
EGTN,egtn
EIFFAGE,eiffage
ELECTRICITE DE STRASBOURG,electricitedestrasbourg
ELECTRICITE ET EAUX DE MADAGASCAR,electriciteeteauxdemadagascar
ELIXENS SA,elixenssa
EMAILVISION,emailvision
EMME,emme
ENCRES DUBUIS,encresdubuis
ENTREPARTICULIERS.COM,entreparticulierscom
ENTREPOSE CONTRACTING,entreposecontracting
ENVIRONNEMENT SA,environnementsa
EPI GROUP,epigroup
EPIC OSEO,epicoseo
ERAMET,eramet
ERICSSON,ericsson
ESI GROUP,esigroup
ESKER,esker
ESSILOR INTL.,essilorintl
ETAM DEVELOPPEMENT,etamdeveloppement
ETFS COMMODITY SECURITIES LIMITED,etfscommoditysecuritieslimited
ETFS FOREIGN EXCHANGE LIMITED,etfsforeignexchangelimited
ETFS HEDGED COMMODITY SECURITIES LIMITED,etfshedgedcommoditysecuritieslimited
ETFS METAL SECURITIES LIMITED,etfsmetalsecuritieslimited
ETFS OIL SECURITIES LIMITED,etfsoilsecuritieslimited
ETN SERIES,etnseries
EULER HERMES,eulerhermes
EURAZEO,eurazeo
EURO DISNEY SCA,eurodisneysca
EURO RESSOURCES S.A.,euroressourcessa
EUROCOMMERCIAL PROPERTIES N.V.,eurocommercialpropertiesnv
EUROFINS SCIENTIFIC,eurofinsscientific
EUROGERM,eurogerm
EUROMA,euroma
EUROMEDIS GROUPE,euromedisgroupe
EURONEXT N.V.,euronextnv
EUROPACORP,europacorp
EUROPLASMA,europlasma
EUROSIC,eurosic
EUROTUNNEL,eurotunnel
EUTELSAT COMMUNICATIONS,eutelsatcommunications
EVOLIS,evolis
EXEL INDUSTRIES,exelindustries
EXONHIT THERAPEUTICS,exonhittherapeutics
FAIVELEY TRANSPORT,faiveleytransport
FALA,fala
FAURECIA,faurecia
FEDERATION DU CREDIT MUTUEL ANTILLES-GUYANE,federationducreditmutuelantillesguyane
FEDON,fedon
FIDUCIAL OFFICE SOLUTIONS,fiducialofficesolutions
FIDUCIAL REAL ESTATE,fiducialrealestate
FIMALAC,fimalac
FINANCIERE DE L ODET,financieredelodet
FINATIS,finatis
FININFO,fininfo
FIPP,fipp
FLEURY MICHON,fleurymichon
FONCIA,foncia
FONCIERE 7 INVESTISSEMENT,fonciere7investissement
FONCIERE ATLAND,fonciereatland
FONCIERE DES 6EME ET 7EME ARRONDISSEMENT DE PARIS (SIIC),foncieredes6emeet7emearrondissementdeparissiic
FONCIERE DES MURS,foncieredesmurs
FONCIERE DES REGIONS,foncieredesregions
FONCIERE DEVELOPPEMENT LOGEMENTS,foncieredeveloppementlogements
FONCIERE EURIS,fonciereeuris
FONCIERE EUROPE LOGISTIQUE,fonciereeuropelogistique
FONCIERE INEA,fonciereinea
FONCIERE MASSENA,foncieremassena
FONCIERE PARIS FRANCE,fonciereparisfrance
FONCIERE SEPRIC,foncieresepric
FONCIERE VOLTA,foncierevolta
FORTIS BANK NV SA,fortisbanknvsa
FORTIS BANQUE LUXEMBOURG SA,fortisbanqueluxembourgsa
FORTIS INVESTMENT MANAGEMENT SA AND SUBSIDIARIES,fortisinvestmentmanagementsaandsubsidiaries
FOUNTAINE PAJOT,fountainepajot
FRANCISCO PARTNERS,franciscopartners
FREELANCE.COM,freelancecom
FREY,frey
FROMAGERIES BEL,fromageriesbel
G7 ENTREPRISES,g7entreprises
GAMELOFT,gameloft
GANTOIS,gantois
GARDEIL,gardeil
GASCOGNE,gascogne
GAUMONT,gaumont
GDF SUEZ,gdfsuez
GECI AVIATION (EX-REIMS AVIATION INDUSTRIES),geciaviationexreimsaviationindustries
GECI INTERNATIONAL,geciinternational
GECIMED,gecimed
GECINA,gecina
GEMALTO,gemalto
GENERAL ELECTRIC,generalelectric
GENERALE DE SANTE,generaledesante
GENERIX GROUP,generixgroup
GENESYS SA,genesyssa
GENFIT,genfit
GENOWAY,genoway
GEODIS,geodis
GEOREX SA,georexsa
GERARD PERRIER,gerardperrier
GEVELOT S.A.,gevelotsa
GFI INFORMATIQUE,gfiinformatique
GIE PSA TRESORERIE,giepsatresorerie
GIFI,gifi
GILBERT DUPONT,gilbertdupont
GIORGIO FEDON & FIGLI S.P.A.,giorgiofedonfiglispa
GL EVENTS,glevents
GL TRADE,gltrade
GLOBAL BIOENERGIES,globalbioenergies
GLOBAL GRAPHICS,globalgraphics
GOLD BULLION SECURITIES LIMITED,goldbullionsecuritieslimited
GOLDMAN SACHS INTERNATIONAL,goldmansachsinternational
GRAINES VOLTZ,grainesvoltz
GRAS SAVOYE & CIE,grassavoyecie
GRENOBLOISE D'ELECTRONIQUE ET D'AUTOMATISMES,grenobloisedelectroniqueetdautomatismes
GROUP DEMOS,groupdemos
GROUPAMA,groupama
GROUPE ARES,groupeares
GROUPE BANQUE POPULAIRE PROVENCALE ET CORSE,groupebanquepopulaireprovencaleetcorse
GROUPE BENETEAU,groupebeneteau
GROUPE BFCM,groupebfcm
GROUPE BROSSARD,groupebrossard
GROUPE CAISSE D'EPARGNE,groupecaissedepargne
GROUPE CIC,groupecic
GROUPE CM5-CIC,groupecm5cic
GROUPE CREDIT COOPERATIF,groupecreditcooperatif
GROUPE CRIT,groupecrit
GROUPE DEMOS,groupedemos
GROUPE DIFFUSION PLUS,groupediffusionplus
GROUPE DLSI,groupedlsi
GROUPE DMS,groupedms
GROUPE EURILOGIC,groupeeurilogic
GROUPE EUROTUNEL SA,groupeeurotunelsa
GROUPE FLO,groupeflo
GROUPE GINGER,groupeginger
GROUPE GIROD,groupegirod
GROUPE GO SPORT,groupegosport
GROUPE GORGE SA,groupegorgesa
GROUPE GUILLIN,groupeguillin
GROUPE HF COMPANY,groupehfcompany
GROUPE JAJ,groupejaj
GROUPE JEMINI,groupejemini
GROUPE LIMAGRAIN HOLDING SA,groupelimagrainholdingsa
GROUPE LIMAGRAIN HOLDING SA,groupelimagrainholdingsa
GROUPE NORBERT DENTRESSANGLE,groupenorbertdentressangle
GROUPE OPEN,groupeopen
GROUPE PARTOUCHE,groupepartouche
GROUPE PROMEO,groupepromeo
GROUPE ROUGIER,grouperougier
GROUPE SCBSM,groupescbsm
GROUPE SECHILIENNE SIDEC,groupesechiliennesidec
GROUPE SILICOMP,groupesilicomp
GROUPE SPOREVER,groupesporever
GROUPE STERIA,groupesteria
GROUPE VIAL,groupevial
GUERBET,guerbet
GUILLEMOT CORPORATION,guillemotcorporation
GUY DEGRENNE,guydegrenne
GUYENNE ET GASCOGNE,guyenneetgascogne
HAMMERSON PLC,hammersonplc
HARVEST,harvest
HAULOTTE GROUP,haulottegroup
HAVAS,havas
HBOS PLC,hbosplc
HERMES INTERNATIONAL,hermesinternational
HEURTEY PETROCHEM,heurteypetrochem
HI-MEDIA,himedia
HIGHCO,highco
HIOLLE INDUSTRIES,hiolleindustries
HITECHPROSS,hitechpross
HOLOGRAM. INDUSTRIES,hologramindustries
HOMSYS GROUP,homsysgroup
HSBC BANK CANADA,hsbcbankcanada
HSBC BANK MALTA PLC,hsbcbankmaltaplc
HSBC BANK PLC,hsbcbankplc
HSBC COVERED BONDS,hsbccoveredbonds
HSBC FRANCE,hsbcfrance
HSBC HOLDINGS PLC,hsbcholdingsplc
HSBC SFH,hsbcsfh
HSBC TRINKAUS & BURKHARDT AG,hsbctrinkausburkhardtag
HUBWOO,hubwoo
HUIS CLOS,huisclos
HYBRIGENICS,hybrigenics
HYPARLO,hyparlo
I2S,i2s
ICADE,icade
IDEAL MEDICAL PRODUCTS,idealmedicalproducts
IDI,idi
IDS,ids
IDSUD,idsud
IEC PROFESSIONNEL MEDIA,iecprofessionnelmedia
IGE XAO,igexao
ILIAD,iliad
ILOG,ilog
IMERYS,imerys
IMMOBILIERE DASSAULT,immobilieredassault
IMS,ims
INDEX MULTIMEDIA,indexmultimedia
INFO VISTA,infovista
INFOGRAMES,infogrames
INFOTEL,infotel
ING BANK N.V,ingbanknv
INGENICO,ingenico
INITIATIVE & FINANCE INVESTISSEMENT,initiativefinanceinvestissement
INNATE PHARMA,innatepharma
INNELEC MULTIMEDIA,innelecmultimedia
INTEGRAGEN,integragen
INTERCALL,intercall
INTERNATIONAL TECHNOLOGIE SELECTION,internationaltechnologieselection
INTERPARFUMS,interparfums
INTRASENSE,intrasense
IPBM,ipbm
IPO,ipo
IPSEN SA,ipsensa
IPSOGEN,ipsogen
IPSOS,ipsos
IT LINK,itlink
ITESOFT,itesoft
ITS GROUP,itsgroup
JACQUET METALS,jacquetmetals
JCDECAUX SA,jcdecauxsa
JEANJEAN,jeanjean
JET MULTI MEDIA,jetmultimedia
KAUFMAN & BROAD SA,kaufmanbroadsa
KBC INTERNATIONALE FINANCIERINGSMAATSCHAPPIJ NV,kbcinternationalefinancieringsmaatschappijnv
KERING,kering
KEYRUS,keyrus
KIMOCE SA,kimocesa
KINDY,kindy
KINGFISHER PLC,kingfisherplc
KLEMURS,klemurs
KLEPIERRE,klepierre
KLM ROYAL DUTCH AIRLINES,klmroyaldutchairlines
KOMMUNALBANKEN AS,kommunalbankenas
KORIAN,korian
L'OREAL,loreal
LA BANQUE POSTALE,labanquepostale
LA CHAUSSERIA,lachausseria
LA POSTE,laposte
LABORATOIRE NPC,laboratoirenpc
LACIE,lacie
LACROIX,lacroix
LAFARGE,lafarge
LAFUMA,lafuma
LAGARDERE S.C.A.,lagarderesca
LAMARTHE,lamarthe
LANSON-BCC,lansonbcc
LAROCHE,laroche
LATECOERE,latecoere
LAURENT PERRIER,laurentperrier
LCL,lcl
LDC,ldc
LDLC.COM,ldlccom
LE BELIER,lebelier
LE TANNEUR & CIE,letanneurcie
LEAD MEDIA,leadmedia
LECTRA,lectra
LEGAL & GENERAL GROUP PLC (L&G),legalgeneralgroupplclg
LEGRAND,legrand
LEGUIDE.COM,leguidecom
LEON DE BRUXELLES,leondebruxelles
LES HOTELS DE PARIS,leshotelsdeparis
LES NOUVEAUX CONSTRUCTEURS,lesnouveauxconstructeurs
LET'S GOWEX,letsgowex
LEXIBOOK,lexibook
LINEDATA SERVICES,linedataservices
LISI,lisi
LLOYDS BANKING GROUP,lloydsbankinggroup
LOCINDUS,locindus
LOGIC INSTRUMENT,logicinstrument
LUCIA,lucia
LUNEAU TECHNOLOGY,luneautechnology
LVL MEDICAL GROUPE,lvlmedicalgroupe
LVMH,lvmh
LYCOS EUROPE N.V.,lycoseuropenv
LYONNAISE DE BANQUE,lyonnaisedebanque
MAESA,maesa
MAIRIE DE PARIS,mairiedeparis
MAISONS FRANCE CONFORT,maisonsfranceconfort
MAKEHIA GROUP,makehiagroup
MALTERIES FRANCO-BELGES,malteriesfrancobelges
MANITOU,manitou
MANPOWERGROUP,manpowergroup
MANUTAN INTERNATIONAL,manutaninternational
MARNIER LAPOSTOLLE,marnierlapostolle
MAROC TELECOM,maroctelecom
MASTRAD,mastrad
MAUREL ET PROM,maureletprom
MAUREL ET PROM NIGERIA,maureletpromnigeria
MAXIMILES,maximiles
MB RETAIL EUROPE,mbretaileurope
MECELEC TELECOMS,mecelectelecoms
MEDASYS,medasys
MEDCOST,medcost
MEDIA 365,media365
MEDIA 6,media6
MEDIAN TECHNOLOGIES,mediantechnologies
MEDICA,medica
MEDICREA,medicrea
MEETIC,meetic
MEILLEURTAUX.COM,meilleurtauxcom
MEMSCAP,memscap
MERCI+,merci
MERCIALYS,mercialys
MERILL LYNCH,merilllynch
MERRILL LYNCH INTERNATIONAL,merrilllynchinternational
MERRILL LYNCH INTERNATIONAL & CO. C.V.,merrilllynchinternationalcocv
MERRILL LYNCH SA,merrilllynchsa
MERSEN,mersen
METABOLIC EXPLORER,metabolicexplorer
METALEUROP,metaleurop
METAPHORA,metaphora
METROLOGIC GROUP,metrologicgroup
METROPOLE TELEVISION,metropoletelevision
MGI COUTIER,mgicoutier
MICHELIN,michelin
MICROPOLE (EX MICROPOLE UNIVERS),micropoleexmicropoleunivers
MILLET INNOVATION,milletinnovation
MILLIMAGES,millimages
MINDSCAPE,mindscape
MOBILE NETWORK GROUP,mobilenetworkgroup
MODELABS GROUP,modelabsgroup
MONTAIGNE FASHION GROUP,montaignefashiongroup
MORGAN STANLEY,morganstanley
MORGAN STANLEY & CO INTERNATIONAL PLC,morganstanleycointernationalplc
MORGAN STANLEY B.V.,morganstanleybv
MR BRICOLAGE,mrbricolage
MRM,mrm
NATIONAL AUSTRALIA BANK LIMITED,nationalaustraliabanklimited
NATIXIS,natixis
NATUREX,naturex
NEOPOST,neopost
NEOVACS,neovacs
NERGECO,nergeco
NET 2S SA,net2ssa
NETBOOSTER,netbooster
NETGEM,netgem
NETRA SYSTEMS,netrasystems
NEUF CEGETEL,neufcegetel
NEURONES,neurones
NEWSWEB,newsweb
NEXANS,nexans
NEXITY,nexity
NEXT RADIO TV,nextradiotv
NICOX,nicox
NORD EST,nordest
NOTREFAMILLE.COM,notrefamillecom
NOVACYT,novacyt
NOVAGALI PHARMA,novagalipharma
NRJ GROUP,nrjgroup
NSC GROUPE,nscgroupe
NSE INDUSTRIES,nseindustries
NYSE EURONEXT,nyseeuronext
OBER,ober
OBERTHUR CARD SYSTEMS,oberthurcardsystems
OCTO TECHNOLOGY,octotechnology
ODDO MIDCAP,oddomidcap
OENEO,oeneo
OFI PRIVATE EQUITY CAPITAL,ofiprivateequitycapital
OL GROUPE,olgroupe
ONA,ona
ONET,onet
ORANGE,orange
ORANGE,orange
ORAPI,orapi
ORCHESTRA,orchestra
ORCO PROPERTY GROUP SA,orcopropertygroupsa
OROLIA,orolia
OROSDI,orosdi
ORPEA,orpea
OSEO,oseo
OSIATIS,osiatis
OTOR,otor
OUTREMER TELECOM,outremertelecom
OUTSIDE LIVING INDUSTRIES,outsidelivingindustries
OVERLAP GROUPE,overlapgroupe
OXYMETAL,oxymetal
PAGESJAUNES GROUPE,pagesjaunesgroupe
PAREF,paref
PARFEX,parfex
PARIS RE HOLDINGS LIMITED,parisreholdingslimited
PARROT,parrot
PARTICIPEX,participex
PARTNERRE,partnerre
PASSAT,passat
PATRIMOINE ET COMMERCE,patrimoineetcommerce
PCAS,pcas
PERNOD RICARD,pernodricard
PETIT FORESTIER,petitforestier
PEUGEOT,peugeot
PGO AUTOMOBILES,pgoautomobiles
PHARMAGEST INTER@CTIVE,pharmagestinterctive
PHONE SYSTEMS & NETWORK,phonesystemsnetwork
PICOGIGA,picogiga
PIERRE & VACANCES,pierrevacances
PISCINES DESJOYAUX,piscinesdesjoyaux
PISCINES GROUPE GA,piscinesgroupega
PLASTIC OMNIUM,plasticomnium
PLASTIVALOIRE,plastivaloire
PONCIN YACHTS,poncinyachts
POWEO,poweo
PRECIA MOLEN,preciamolen
PREMIUM PLUS PLC,premiumplusplc
PRESS INDEX,pressindex
PRISMAFLEX INTERNATIONAL,prismaflexinternational
PRODEF,prodef
PROLOGUE,prologue
PROSERVIA,proservia
PROSODIE,prosodie
PROVENCE COTE D'AZUR,provencecotedazur
PROVIMI,provimi
PROXITEC,proxitec
PSA PEUGEOT CITROEN,psapeugeotcitroen
PSB INDUSTRIES,psbindustries
PUBLIC SYSTEME HOPSCOTCH,publicsystemehopscotch
PUBLICIS GROUPE,publicisgroupe
QUANTEL,quantel
QUOTIUM TECHNOLOGIES,quotiumtechnologies
R-SIIC,rsiic
R2I SANTE SA,r2isantesa
RABOBANK NEDERLAND,rabobanknederland
RADIALL,radiall
RALLYE,rallye
RATP,ratp
RCI BANQUE,rcibanque
REGIE AUTONOME DES TRANSPORTS PARISIENS - RATP,regieautonomedestransportsparisiensratp
REGION AUVERGNE,regionauvergne
REGION ILE DE FRANCE,regioniledefrance
REGION LIMOUSIN,regionlimousin
REGION PAYS DE LA LOIRE,regionpaysdelaloire
REGION PROVENCE COTE D'AZUR,regionprovencecotedazur
REMY COINTREAU,remycointreau
RENAULT,renault
REPONSE,reponse
RESEAU FERRE DE FRANCE,reseauferredefrance
REXEL,rexel
RHODIA,rhodia
RIBER SA,ribersa
RICHEL SERRES DE FRANCE,richelserresdefrance
RISC GROUP,riscgroup
ROBERTET,robertet
ROCAMAT,rocamat
RODRIGUEZ GROUP,rodriguezgroup
RTE EDF TRANSPORT,rteedftransport
RUBIS,rubis
RUE DU COMMERCE,rueducommerce
S.T. DUPONT,stdupont
SA CHEMINEES POUJOULAT,sachemineespoujoulat
SA COTTIN FRERES,sacottinfreres
SA HENRI MAIRE,sahenrimaire
SA LE GUIDE.COM,saleguidecom
SA LE NOBLE AGE,salenobleage
SABB,sabb
SABETON,sabeton
SAFE TIC,safetic
SAFRAN,safran
SAFT GROUPE,saftgroupe
SAINT GOBAIN,saintgobain
SAIRP COMPOSITES,sairpcomposites
SALVEPAR,salvepar
SAM,sam
SAMSE,samse
SANEF,sanef
SANOFI,sanofi
SAPMER,sapmer
SARTORIUS STEDIM BIOTECH,sartoriusstedimbiotech
SASA INDUSTRIE,sasaindustrie
SATIMO,satimo
SCHAEFFER-DUFOUR,schaefferdufour
SCHNEIDER ELECTRIC,schneiderelectric
SCOR SE,scorse
SCORPA,scorpa
SDR DE LA BRETAGNE,sdrdelabretagne
SEAGATE TECHNOLOGY,seagatetechnology
SEB SA,sebsa
SECHE ENVIRONNEMENT,secheenvironnement
SECHILIENNE SIDEC,sechiliennesidec
SECURASSET S.A,securassetsa
SECURIDEV,securidev
SEGRO PLC,segroplc
SELCODIS,selcodis
SELECTIRENTE,selectirente
SELOGER.COM,selogercom
SENIOR PLANET SA,seniorplanetsa
SEQUANA,sequana
SES,ses
SES ASTRA,sesastra
SES NEW SKIES,sesnewskies
SES WORLD SKIES,sesworldskies
SETFORGE,setforge
SG EFFEKTEN GMBH,sgeffektengmbh
SG ISSUER,sgissuer
SG OPTION EUROPE,sgoptioneurope
SGA SOCIETE GENERAL ACCEPTANCE N.V.,sgasocietegeneralacceptancenv
SHARP,sharp
SICAL,sical
SIGMA 22,sigma22
SII,sii
SIIC DE PARIS,siicdeparis
SIIC DE PARIS 8,siicdeparis8
SIICINVEST,siicinvest
SIPAREX CROISSANCE,siparexcroissance
SIRAGA,siraga
SLOUGH ESTATES PLC,sloughestatesplc
SMOBY MAJORETTE,smobymajorette
SMTPC,smtpc
SNCF,sncf
SOCIAL MIX MEDIA GROUP,socialmixmediagroup
SOCIETE ANONYME D'EXPLOSIFS ET DE PRODUITS CHIMIQUES,societeanonymedexplosifsetdeproduitschimiques
SOCIETE ANONYME DES DOCKS LYONNAIS,societeanonymedesdockslyonnais
SOCIETE BIC,societebic
SOCIETE CENTRALE DES BOIS ET SCIERIES DE LA MANCHE - SCBSM,societecentraledesboisetscieriesdelamanchescbsm
SOCIETE DE LA TOUR EIFFEL,societedelatoureiffel
SOCIETE DE TAYNINH,societedetayninh
SOCIETE DES HOTELS ET CASINO DE DEAUVILLE,societedeshotelsetcasinodedeauville
SOCIETE DES PRODUITS MARNIER LAPOSTOLLE,societedesproduitsmarnierlapostolle
SOCIETE FERMIERE DU CASINO MUNICIPAL DE CANNES,societefermiereducasinomunicipaldecannes
SOCIETE FINANCIERE DE COMMUNICATION ET DU MULTIMEDIA,societefinancieredecommunicationetdumultimedia
SOCIETE FONCIERE FINANCIERE ET DE PARTICIPATIONS - FFP,societefoncierefinanciereetdeparticipationsffp
SOCIETE FONCIERE LYONNAISE,societefoncierelyonnaise
SOCIETE FRANCAISE DE CASINOS,societefrancaisedecasinos
SOCIETE FRANCAISE EXXONMOBIL CHEMICAL,societefrancaiseexxonmobilchemical
SOCIETE GENERALE,societegenerale
SOCIETE GENERALE ACCEPTANCE N.V.,societegeneraleacceptancenv
SOCIETE GENERALE EFFEKTEN,societegeneraleeffekten
SOCIETE GENERALE EFFEKTEN GMBH,societegeneraleeffektengmbh
SOCIETE GENERALE FHF - SG FHF,societegeneralefhfsgfhf
SOCIETE GENERALE SCF,societegeneralescf
SOCIETE GENERALE SFH,societegeneralesfh
SOCIETE INTERNATIONALE DE PLANTATIONS D'HEVEAS,societeinternationaledeplantationsdheveas
SOCIETE REPONSE,societereponse
SODEXO,sodexo
SODIFRANCE,sodifrance
SODITECH INGENIERIE SA,soditechingenieriesa
SOFIBUS PATRIMOINE,sofibuspatrimoine
SOFINCO,sofinco
SOFT COMPUTING,softcomputing
SOGECLAIR,sogeclair
SOITEC,soitec
SOLUCOM,solucom
SOLVAY FINANCE,solvayfinance
SOLVING EFESO INTERNATIONAL,solvingefesointernational
SOMFY,somfy
SONY ERICSSON,sonyericsson
SOPRA GROUP,sopragroup
SOREFICO COIFFURE,soreficocoiffure
SOURCE COMMODITY  MARKETS PUBLIC  LIMITED,sourcecommoditymarketspubliclimited
SPERIAN PROTECTION,sperianprotection
SPIR COMMUNICATION,spircommunication
SPOREVER,sporever
SQLI,sqli
ST-ERICSSON,stericsson
STADE FINANCE A.R.L,stadefinancearl
STALLERGENES,stallergenes
STANDARD LIFE INVESTMENTS LTD,standardlifeinvestmentsltd
STEF-TFE,steftfe
STENTYS,stentys
STMICROELECTRONICS,stmicroelectronics
STORE ELECTRONIC SYSTEM SES,storeelectronicsystemses
STRATUS CAPITAL PUBLIC,stratuscapitalpublic
STREAM WIDE,streamwide
SUCRIERE PITHIVIERS LE VIEL,sucrierepithiviersleviel
SUEZ ENVIRONNEMENT,suezenvironnement
SUPRA,supra
SUPRA HOLDING,supraholding
SWORD GROUP,swordgroup
SYLIS,sylis
SYNERGIE,synergie
SYSTAR SA,systarsa
SYSTRAN SA,systransa
TEAM PARTNERS GROUP,teampartnersgroup
TECHNICOLOR,technicolor
TECHNILINE,techniline
TECHNIP,technip
TECHNOFLEX,technoflex
TEKKA,tekka
TELECOM ITALIA,telecomitalia
TELECOM RESEAUX SERVICES,telecomreseauxservices
TELEFONAKTIEBOLAGET LM ERICSSON,telefonaktiebolagetlmericsson
TELEFONICA SA,telefonicasa
TELEMEDIA GROUP,telemediagroup
TELEPERFORMANCE,teleperformance
TELEVISION FRANCAISE 1,televisionfrancaise1
TERREIS,terreis
TESSI,tessi
THALES,thales
THE BEAR STEARNS COMPANIES INC,thebearstearnscompaniesinc
THE MARKETINGROUP,themarketingroup
THE ROYAL BANK OF SCOTLAND - RBS,theroyalbankofscotlandrbs
THE ROYAL BANK OF SCOTLAND PLC,theroyalbankofscotlandplc
THEOLIA,theolia
THERMADOR GROUPE,thermadorgroupe
THERMOCOMPACT,thermocompact
TIPIAK,tipiak
TIVOLY,tivoly
TONNELLERIE FRANCOIS FRERES,tonnelleriefrancoisfreres
TOTAL,total
TOTAL CAPITAL,totalcapital
TOTAL CAPITAL CANADA LTD,totalcapitalcanadaltd
TOTAL CAPITAL INTERNATIONAL,totalcapitalinternational
TOTAL INFRASTRUCTURES GAZ FRANCE,totalinfrastructuresgazfrance
TOUAX SCA,touaxsca
TOUPARGEL GROUPE,toupargelgroupe
TRANSGENE,transgene
TRIGANO,trigano
TRILOGIQ,trilogiq
TXCOM,txcom
U10,u10
UBISOFT,ubisoft
UBS,ubs
UBS AG,ubsag
UBS AG,ubsag
UBS INVESTMENT BANK,ubsinvestmentbank
ULRIC DE VARENS,ulricdevarens
UMANIS,umanis
UNEDIC,unedic
UNIBAIL-RODAMCO,unibailrodamco
UNIBEL,unibel
UNICREDIT BANK AG,unicreditbankag
UNION FINANCIERE DE FRANCE BANQUE,unionfinancieredefrancebanque
UNION TECHNOLOGIES INFORMATIQUE GROUP - UTI GROUP,uniontechnologiesinformatiquegrouputigroup
UNITED TECHNOLOGIES CORPORATION,unitedtechnologiescorporation
VALEO,valeo
VALLOUREC,vallourec
VALTECH,valtech
VASTNED,vastned
VAUBAN MOBILISATIONS GARANTIES,vaubanmobilisationsgaranties
VDI GROUP,vdigroup
VECTRANE,vectrane
VEOLIA ENVIRONNEMENT,veoliaenvironnement
VERGNET GROUPE,vergnetgroupe
VERMANDOISE DE SUCRERIES,vermandoisedesucreries
VET AFFAIRES,vetaffaires
VETOQUINOL,vetoquinol
VIADOM,viadom
VICAT,vicat
VIDEOFUTUR,videofutur
VILMORIN & CIE,vilmorincie
VINCI,vinci
VIRBAC,virbac
VISIO NERF,visionerf
VIVALIS,vivalis
VIVENDI,vivendi
VM MATERIAUX,vmmateriaux
VOLKSWAGEN AKTIENGESELLSCHAFT,volkswagenaktiengesellschaft
VOLKSWAGEN INTERNATIONAL FINANCE N.V.,volkswageninternationalfinancenv
VOYAGEURS DU MONDE,voyageursdumonde
VRANKEN-POMMERY MONOPOLE,vrankenpommerymonopole
WAREHOUSES WITH BRAINS,warehouseswithbrains
WDP,wdp
WEBORAMA,weborama
WENDEL,wendel
WERELDHAVE,wereldhave
WESSANEN FRANCE HOLDING,wessanenfranceholding
XILAM,xilam
XIRING,xiring
YACHTS COUACH,yachtscouach
ZODIAC,zodiac
ZUBLIN IMMOBILIERE FRANCE,zublinimmobilierefrance

